{
  "project_info": {
    "project_number": "61498818176",
    "project_id": "flutter-application-2-b3e62",
    "storage_bucket": "flutter-application-2-b3e62.appspot.com"
  },
  "client": [
    {
      "client_info": {
        "mobilesdk_app_id": "1:61498818176:android:be7d801402b933d9453065",
        "android_client_info": {
          "package_name": "com.example.flutter_application_2"
        }
      },
      "oauth_client": [],
      "api_key": [
        {
          "current_key": "AIzaSyAf3yfCe-CD8ud0-eOAL-6No3_xOdjFejc"
        }
      ],
      "services": {
        "appinvite_service": {
          "other_platform_oauth_client": []
        }
      }
    }
  ],
  "configuration_version": "1"
}